algorithm,mode,threads,inputType,inputSize,sample,durationNs,timestamp
BUBBLE,SEQUENTIAL,1,RANDOM,1000,1,3920200,1761927602418
BUBBLE,SEQUENTIAL,1,RANDOM,1000,2,690000,1761927602424
BUBBLE,SEQUENTIAL,1,RANDOM,1000,3,1238900,1761927602426
BUBBLE,SEQUENTIAL,1,RANDOM,1000,4,1253100,1761927602427
BUBBLE,SEQUENTIAL,1,RANDOM,1000,5,1268100,1761927602429
BUBBLE,PARALLEL,2,RANDOM,1000,1,12344900,1761927602442
BUBBLE,PARALLEL,2,RANDOM,1000,2,1254200,1761927602444
BUBBLE,PARALLEL,2,RANDOM,1000,3,1447400,1761927602446
BUBBLE,PARALLEL,2,RANDOM,1000,4,1202800,1761927602448
BUBBLE,PARALLEL,2,RANDOM,1000,5,1042500,1761927602450
BUBBLE,PARALLEL,4,RANDOM,1000,1,1873700,1761927602453
BUBBLE,PARALLEL,4,RANDOM,1000,2,1563500,1761927602455
BUBBLE,PARALLEL,4,RANDOM,1000,3,3859100,1761927602460
BUBBLE,PARALLEL,4,RANDOM,1000,4,1790100,1761927602463
BUBBLE,PARALLEL,4,RANDOM,1000,5,2063300,1761927602466
BUBBLE,PARALLEL,8,RANDOM,1000,1,2612800,1761927602470
BUBBLE,PARALLEL,8,RANDOM,1000,2,4667300,1761927602475
BUBBLE,PARALLEL,8,RANDOM,1000,3,2921200,1761927602479
BUBBLE,PARALLEL,8,RANDOM,1000,4,13585000,1761927602494
BUBBLE,PARALLEL,8,RANDOM,1000,5,4638200,1761927602499
BUBBLE,SEQUENTIAL,1,SORTED,1000,1,3100,1761927602505
BUBBLE,SEQUENTIAL,1,SORTED,1000,2,2800,1761927602506
BUBBLE,SEQUENTIAL,1,SORTED,1000,3,1900,1761927602507
BUBBLE,SEQUENTIAL,1,SORTED,1000,4,800,1761927602508
BUBBLE,SEQUENTIAL,1,SORTED,1000,5,800,1761927602508
BUBBLE,PARALLEL,2,SORTED,1000,1,995100,1761927602510
BUBBLE,PARALLEL,2,SORTED,1000,2,1013200,1761927602512
BUBBLE,PARALLEL,2,SORTED,1000,3,1105800,1761927602514
BUBBLE,PARALLEL,2,SORTED,1000,4,1250900,1761927602517
BUBBLE,PARALLEL,2,SORTED,1000,5,1060900,1761927602519
BUBBLE,PARALLEL,4,SORTED,1000,1,1002500,1761927602520
BUBBLE,PARALLEL,4,SORTED,1000,2,2082500,1761927602524
BUBBLE,PARALLEL,4,SORTED,1000,3,1432000,1761927602526
BUBBLE,PARALLEL,4,SORTED,1000,4,2060600,1761927602529
BUBBLE,PARALLEL,4,SORTED,1000,5,1573200,1761927602531
BUBBLE,PARALLEL,8,SORTED,1000,1,2442700,1761927602534
BUBBLE,PARALLEL,8,SORTED,1000,2,2073100,1761927602537
BUBBLE,PARALLEL,8,SORTED,1000,3,2154800,1761927602540
BUBBLE,PARALLEL,8,SORTED,1000,4,2171100,1761927602543
BUBBLE,PARALLEL,8,SORTED,1000,5,2873900,1761927602547
BUBBLE,SEQUENTIAL,1,REVERSE,1000,1,469900,1761927602548
BUBBLE,SEQUENTIAL,1,REVERSE,1000,2,440100,1761927602551
BUBBLE,SEQUENTIAL,1,REVERSE,1000,3,796300,1761927602552
BUBBLE,SEQUENTIAL,1,REVERSE,1000,4,681200,1761927602553
BUBBLE,SEQUENTIAL,1,REVERSE,1000,5,745500,1761927602554
BUBBLE,PARALLEL,2,REVERSE,1000,1,1617600,1761927602557
BUBBLE,PARALLEL,2,REVERSE,1000,2,1843100,1761927602560
BUBBLE,PARALLEL,2,REVERSE,1000,3,1563800,1761927602562
BUBBLE,PARALLEL,2,REVERSE,1000,4,1340100,1761927602564
BUBBLE,PARALLEL,2,REVERSE,1000,5,1343600,1761927602566
BUBBLE,PARALLEL,4,REVERSE,1000,1,1620900,1761927602569
BUBBLE,PARALLEL,4,REVERSE,1000,2,1145600,1761927602570
BUBBLE,PARALLEL,4,REVERSE,1000,3,1758300,1761927602573
BUBBLE,PARALLEL,4,REVERSE,1000,4,1821100,1761927602575
BUBBLE,PARALLEL,4,REVERSE,1000,5,1712600,1761927602578
BUBBLE,PARALLEL,8,REVERSE,1000,1,1872300,1761927602580
BUBBLE,PARALLEL,8,REVERSE,1000,2,1906500,1761927602583
BUBBLE,PARALLEL,8,REVERSE,1000,3,2061300,1761927602585
BUBBLE,PARALLEL,8,REVERSE,1000,4,2423500,1761927602589
BUBBLE,PARALLEL,8,REVERSE,1000,5,2044700,1761927602592
BUBBLE,SEQUENTIAL,1,NEARLY_SORTED,1000,1,280600,1761927602593
BUBBLE,SEQUENTIAL,1,NEARLY_SORTED,1000,2,267500,1761927602594
BUBBLE,SEQUENTIAL,1,NEARLY_SORTED,1000,3,359800,1761927602595
BUBBLE,SEQUENTIAL,1,NEARLY_SORTED,1000,4,277600,1761927602596
BUBBLE,SEQUENTIAL,1,NEARLY_SORTED,1000,5,281700,1761927602597
BUBBLE,PARALLEL,2,NEARLY_SORTED,1000,1,1190500,1761927602599
BUBBLE,PARALLEL,2,NEARLY_SORTED,1000,2,1208700,1761927602600
BUBBLE,PARALLEL,2,NEARLY_SORTED,1000,3,1176100,1761927602602
BUBBLE,PARALLEL,2,NEARLY_SORTED,1000,4,1245400,1761927602604
BUBBLE,PARALLEL,2,NEARLY_SORTED,1000,5,1689100,1761927602606
BUBBLE,PARALLEL,4,NEARLY_SORTED,1000,1,1425600,1761927602608
BUBBLE,PARALLEL,4,NEARLY_SORTED,1000,2,1802600,1761927602610
BUBBLE,PARALLEL,4,NEARLY_SORTED,1000,3,1223800,1761927602612
BUBBLE,PARALLEL,4,NEARLY_SORTED,1000,4,1181900,1761927602614
BUBBLE,PARALLEL,4,NEARLY_SORTED,1000,5,1446100,1761927602616
BUBBLE,PARALLEL,8,NEARLY_SORTED,1000,1,1632000,1761927602618
BUBBLE,PARALLEL,8,NEARLY_SORTED,1000,2,2114000,1761927602621
BUBBLE,PARALLEL,8,NEARLY_SORTED,1000,3,2219200,1761927602624
BUBBLE,PARALLEL,8,NEARLY_SORTED,1000,4,3609000,1761927602628
BUBBLE,PARALLEL,8,NEARLY_SORTED,1000,5,2109100,1761927602631
BUBBLE,SEQUENTIAL,1,RANDOM,5000,1,27657300,1761927602660
BUBBLE,SEQUENTIAL,1,RANDOM,5000,2,26513300,1761927602687
BUBBLE,SEQUENTIAL,1,RANDOM,5000,3,20947400,1761927602708
BUBBLE,SEQUENTIAL,1,RANDOM,5000,4,14498200,1761927602723
BUBBLE,SEQUENTIAL,1,RANDOM,5000,5,14677500,1761927602738
BUBBLE,PARALLEL,2,RANDOM,5000,1,9855700,1761927602748
BUBBLE,PARALLEL,2,RANDOM,5000,2,6208100,1761927602755
BUBBLE,PARALLEL,2,RANDOM,5000,3,6291000,1761927602762
BUBBLE,PARALLEL,2,RANDOM,5000,4,4772000,1761927602767
BUBBLE,PARALLEL,2,RANDOM,5000,5,7153200,1761927602775
BUBBLE,PARALLEL,4,RANDOM,5000,1,2513700,1761927602777
BUBBLE,PARALLEL,4,RANDOM,5000,2,2625100,1761927602780
BUBBLE,PARALLEL,4,RANDOM,5000,3,3616300,1761927602784
BUBBLE,PARALLEL,4,RANDOM,5000,4,3273200,1761927602788
BUBBLE,PARALLEL,4,RANDOM,5000,5,4464900,1761927602793
BUBBLE,PARALLEL,8,RANDOM,5000,1,4163600,1761927602798
BUBBLE,PARALLEL,8,RANDOM,5000,2,3047900,1761927602801
BUBBLE,PARALLEL,8,RANDOM,5000,3,3086000,1761927602805
BUBBLE,PARALLEL,8,RANDOM,5000,4,3306400,1761927602808
BUBBLE,PARALLEL,8,RANDOM,5000,5,3588900,1761927602812
BUBBLE,SEQUENTIAL,1,SORTED,5000,1,4900,1761927602813
BUBBLE,SEQUENTIAL,1,SORTED,5000,2,3900,1761927602814
BUBBLE,SEQUENTIAL,1,SORTED,5000,3,4000,1761927602815
BUBBLE,SEQUENTIAL,1,SORTED,5000,4,4600,1761927602816
BUBBLE,SEQUENTIAL,1,SORTED,5000,5,4100,1761927602816
BUBBLE,PARALLEL,2,SORTED,5000,1,1382000,1761927602819
BUBBLE,PARALLEL,2,SORTED,5000,2,1843500,1761927602821
BUBBLE,PARALLEL,2,SORTED,5000,3,1368300,1761927602823
BUBBLE,PARALLEL,2,SORTED,5000,4,1601000,1761927602826
BUBBLE,PARALLEL,2,SORTED,5000,5,1323800,1761927602828
BUBBLE,PARALLEL,4,SORTED,5000,1,1458900,1761927602830
BUBBLE,PARALLEL,4,SORTED,5000,2,1658100,1761927602833
BUBBLE,PARALLEL,4,SORTED,5000,3,1365800,1761927602834
BUBBLE,PARALLEL,4,SORTED,5000,4,1182300,1761927602837
BUBBLE,PARALLEL,4,SORTED,5000,5,1270400,1761927602839
BUBBLE,PARALLEL,8,SORTED,5000,1,2241000,1761927602843
BUBBLE,PARALLEL,8,SORTED,5000,2,1921100,1761927602845
BUBBLE,PARALLEL,8,SORTED,5000,3,2300000,1761927602848
BUBBLE,PARALLEL,8,SORTED,5000,4,2022500,1761927602851
BUBBLE,PARALLEL,8,SORTED,5000,5,1494900,1761927602854
BUBBLE,SEQUENTIAL,1,REVERSE,5000,1,11093100,1761927602865
BUBBLE,SEQUENTIAL,1,REVERSE,5000,2,15243400,1761927602881
BUBBLE,SEQUENTIAL,1,REVERSE,5000,3,16174600,1761927602898
BUBBLE,SEQUENTIAL,1,REVERSE,5000,4,16408600,1761927602915
BUBBLE,SEQUENTIAL,1,REVERSE,5000,5,15522900,1761927602931
BUBBLE,PARALLEL,2,REVERSE,5000,1,5962300,1761927602938
BUBBLE,PARALLEL,2,REVERSE,5000,2,4849400,1761927602944
BUBBLE,PARALLEL,2,REVERSE,5000,3,4547700,1761927602949
BUBBLE,PARALLEL,2,REVERSE,5000,4,4989200,1761927602955
BUBBLE,PARALLEL,2,REVERSE,5000,5,3862100,1761927602960
BUBBLE,PARALLEL,4,REVERSE,5000,1,1990300,1761927602962
BUBBLE,PARALLEL,4,REVERSE,5000,2,1797900,1761927602965
BUBBLE,PARALLEL,4,REVERSE,5000,3,1742900,1761927602968
BUBBLE,PARALLEL,4,REVERSE,5000,4,3777600,1761927602972
BUBBLE,PARALLEL,4,REVERSE,5000,5,1961000,1761927602976
BUBBLE,PARALLEL,8,REVERSE,5000,1,5273700,1761927602982
BUBBLE,PARALLEL,8,REVERSE,5000,2,2748300,1761927602985
BUBBLE,PARALLEL,8,REVERSE,5000,3,4194500,1761927602991
BUBBLE,PARALLEL,8,REVERSE,5000,4,2828300,1761927602994
BUBBLE,PARALLEL,8,REVERSE,5000,5,1778400,1761927602997
BUBBLE,SEQUENTIAL,1,NEARLY_SORTED,5000,1,6335600,1761927603004
BUBBLE,SEQUENTIAL,1,NEARLY_SORTED,5000,2,3345500,1761927603008
BUBBLE,SEQUENTIAL,1,NEARLY_SORTED,5000,3,3742100,1761927603012
BUBBLE,SEQUENTIAL,1,NEARLY_SORTED,5000,4,3267900,1761927603016
BUBBLE,SEQUENTIAL,1,NEARLY_SORTED,5000,5,3325800,1761927603020
BUBBLE,PARALLEL,2,NEARLY_SORTED,5000,1,2705100,1761927603023
BUBBLE,PARALLEL,2,NEARLY_SORTED,5000,2,2141000,1761927603026
BUBBLE,PARALLEL,2,NEARLY_SORTED,5000,3,1923900,1761927603028
BUBBLE,PARALLEL,2,NEARLY_SORTED,5000,4,2561800,1761927603031
BUBBLE,PARALLEL,2,NEARLY_SORTED,5000,5,1843400,1761927603034
BUBBLE,PARALLEL,4,NEARLY_SORTED,5000,1,1411200,1761927603036
BUBBLE,PARALLEL,4,NEARLY_SORTED,5000,2,3427700,1761927603040
BUBBLE,PARALLEL,4,NEARLY_SORTED,5000,3,1696900,1761927603043
BUBBLE,PARALLEL,4,NEARLY_SORTED,5000,4,1531300,1761927603045
BUBBLE,PARALLEL,4,NEARLY_SORTED,5000,5,1549300,1761927603047
BUBBLE,PARALLEL,8,NEARLY_SORTED,5000,1,1570700,1761927603049
BUBBLE,PARALLEL,8,NEARLY_SORTED,5000,2,1970200,1761927603052
BUBBLE,PARALLEL,8,NEARLY_SORTED,5000,3,2102400,1761927603055
BUBBLE,PARALLEL,8,NEARLY_SORTED,5000,4,2007700,1761927603058
BUBBLE,PARALLEL,8,NEARLY_SORTED,5000,5,1805500,1761927603061
BUBBLE,SEQUENTIAL,1,RANDOM,10000,1,105915700,1761927603167
BUBBLE,SEQUENTIAL,1,RANDOM,10000,2,112075500,1761927603279
BUBBLE,SEQUENTIAL,1,RANDOM,10000,3,105565200,1761927603386
BUBBLE,SEQUENTIAL,1,RANDOM,10000,4,100398600,1761927603486
BUBBLE,SEQUENTIAL,1,RANDOM,10000,5,94570800,1761927603582
BUBBLE,PARALLEL,2,RANDOM,10000,1,19502900,1761927603601
BUBBLE,PARALLEL,2,RANDOM,10000,2,19023400,1761927603621
BUBBLE,PARALLEL,2,RANDOM,10000,3,17366000,1761927603638
BUBBLE,PARALLEL,2,RANDOM,10000,4,20808300,1761927603659
BUBBLE,PARALLEL,2,RANDOM,10000,5,16994900,1761927603677
BUBBLE,PARALLEL,4,RANDOM,10000,1,7654500,1761927603685
BUBBLE,PARALLEL,4,RANDOM,10000,2,11563000,1761927603697
BUBBLE,PARALLEL,4,RANDOM,10000,3,9787300,1761927603707
BUBBLE,PARALLEL,4,RANDOM,10000,4,8612600,1761927603717
BUBBLE,PARALLEL,4,RANDOM,10000,5,13966200,1761927603731
BUBBLE,PARALLEL,8,RANDOM,10000,1,5994600,1761927603738
BUBBLE,PARALLEL,8,RANDOM,10000,2,5663200,1761927603744
BUBBLE,PARALLEL,8,RANDOM,10000,3,8969500,1761927603754
BUBBLE,PARALLEL,8,RANDOM,10000,4,7898900,1761927603762
BUBBLE,PARALLEL,8,RANDOM,10000,5,4087800,1761927603767
BUBBLE,SEQUENTIAL,1,SORTED,10000,1,3700,1761927603768
BUBBLE,SEQUENTIAL,1,SORTED,10000,2,6900,1761927603769
BUBBLE,SEQUENTIAL,1,SORTED,10000,3,7000,1761927603770
BUBBLE,SEQUENTIAL,1,SORTED,10000,4,7300,1761927603772
BUBBLE,SEQUENTIAL,1,SORTED,10000,5,8800,1761927603773
BUBBLE,PARALLEL,2,SORTED,10000,1,997500,1761927603775
BUBBLE,PARALLEL,2,SORTED,10000,2,984300,1761927603777
BUBBLE,PARALLEL,2,SORTED,10000,3,1032000,1761927603779
BUBBLE,PARALLEL,2,SORTED,10000,4,985600,1761927603781
BUBBLE,PARALLEL,2,SORTED,10000,5,1118100,1761927603784
BUBBLE,PARALLEL,4,SORTED,10000,1,1726000,1761927603787
BUBBLE,PARALLEL,4,SORTED,10000,2,3086400,1761927603791
BUBBLE,PARALLEL,4,SORTED,10000,3,1804400,1761927603794
BUBBLE,PARALLEL,4,SORTED,10000,4,1294000,1761927603797
BUBBLE,PARALLEL,4,SORTED,10000,5,1497900,1761927603799
BUBBLE,PARALLEL,8,SORTED,10000,1,2228900,1761927603803
BUBBLE,PARALLEL,8,SORTED,10000,2,2272100,1761927603806
BUBBLE,PARALLEL,8,SORTED,10000,3,2233200,1761927603810
BUBBLE,PARALLEL,8,SORTED,10000,4,1824000,1761927603813
BUBBLE,PARALLEL,8,SORTED,10000,5,1869600,1761927603816
BUBBLE,SEQUENTIAL,1,REVERSE,10000,1,66031700,1761927603883
BUBBLE,SEQUENTIAL,1,REVERSE,10000,2,68803900,1761927603953
BUBBLE,SEQUENTIAL,1,REVERSE,10000,3,60294300,1761927604015
BUBBLE,SEQUENTIAL,1,REVERSE,10000,4,49098700,1761927604065
BUBBLE,SEQUENTIAL,1,REVERSE,10000,5,51201600,1761927604118
BUBBLE,PARALLEL,2,REVERSE,10000,1,14969600,1761927604134
BUBBLE,PARALLEL,2,REVERSE,10000,2,14946200,1761927604150
BUBBLE,PARALLEL,2,REVERSE,10000,3,17468700,1761927604168
BUBBLE,PARALLEL,2,REVERSE,10000,4,18142200,1761927604188
BUBBLE,PARALLEL,2,REVERSE,10000,5,17715500,1761927604207
BUBBLE,PARALLEL,4,REVERSE,10000,1,11950500,1761927604221
BUBBLE,PARALLEL,4,REVERSE,10000,2,16565600,1761927604241
BUBBLE,PARALLEL,4,REVERSE,10000,3,8258800,1761927604251
BUBBLE,PARALLEL,4,REVERSE,10000,4,7591000,1761927604261
BUBBLE,PARALLEL,4,REVERSE,10000,5,6140900,1761927604269
BUBBLE,PARALLEL,8,REVERSE,10000,1,5117000,1761927604276
BUBBLE,PARALLEL,8,REVERSE,10000,2,5653500,1761927604283
BUBBLE,PARALLEL,8,REVERSE,10000,3,3981200,1761927604289
BUBBLE,PARALLEL,8,REVERSE,10000,4,7478600,1761927604298
BUBBLE,PARALLEL,8,REVERSE,10000,5,5977900,1761927604306
BUBBLE,SEQUENTIAL,1,NEARLY_SORTED,10000,1,39732800,1761927604347
BUBBLE,SEQUENTIAL,1,NEARLY_SORTED,10000,2,20751300,1761927604369
BUBBLE,SEQUENTIAL,1,NEARLY_SORTED,10000,3,29188600,1761927604400
BUBBLE,SEQUENTIAL,1,NEARLY_SORTED,10000,4,24595100,1761927604425
BUBBLE,SEQUENTIAL,1,NEARLY_SORTED,10000,5,23156500,1761927604450
BUBBLE,PARALLEL,2,NEARLY_SORTED,10000,1,12289200,1761927604464
BUBBLE,PARALLEL,2,NEARLY_SORTED,10000,2,13657700,1761927604479
BUBBLE,PARALLEL,2,NEARLY_SORTED,10000,3,10162500,1761927604491
BUBBLE,PARALLEL,2,NEARLY_SORTED,10000,4,10150800,1761927604502
BUBBLE,PARALLEL,2,NEARLY_SORTED,10000,5,14030500,1761927604518
BUBBLE,PARALLEL,4,NEARLY_SORTED,10000,1,7686600,1761927604527
BUBBLE,PARALLEL,4,NEARLY_SORTED,10000,2,5553800,1761927604535
BUBBLE,PARALLEL,4,NEARLY_SORTED,10000,3,12455400,1761927604548
BUBBLE,PARALLEL,4,NEARLY_SORTED,10000,4,7341900,1761927604558
BUBBLE,PARALLEL,4,NEARLY_SORTED,10000,5,5785000,1761927604565
BUBBLE,PARALLEL,8,NEARLY_SORTED,10000,1,8874100,1761927604576
BUBBLE,PARALLEL,8,NEARLY_SORTED,10000,2,4553700,1761927604582
BUBBLE,PARALLEL,8,NEARLY_SORTED,10000,3,4605500,1761927604590
BUBBLE,PARALLEL,8,NEARLY_SORTED,10000,4,4704600,1761927604596
BUBBLE,PARALLEL,8,NEARLY_SORTED,10000,5,4604700,1761927604603
INSERTION,SEQUENTIAL,1,RANDOM,1000,1,8212200,1761927604612
INSERTION,SEQUENTIAL,1,RANDOM,1000,2,2633600,1761927604615
INSERTION,SEQUENTIAL,1,RANDOM,1000,3,1385900,1761927604617
INSERTION,SEQUENTIAL,1,RANDOM,1000,4,1531500,1761927604619
INSERTION,SEQUENTIAL,1,RANDOM,1000,5,304800,1761927604619
INSERTION,PARALLEL,2,RANDOM,1000,1,4076600,1761927604623
INSERTION,PARALLEL,2,RANDOM,1000,2,1741100,1761927604626
INSERTION,PARALLEL,2,RANDOM,1000,3,1543300,1761927604628
INSERTION,PARALLEL,2,RANDOM,1000,4,1959900,1761927604630
INSERTION,PARALLEL,2,RANDOM,1000,5,2452700,1761927604633
INSERTION,PARALLEL,4,RANDOM,1000,1,1722800,1761927604635
INSERTION,PARALLEL,4,RANDOM,1000,2,2213300,1761927604638
INSERTION,PARALLEL,4,RANDOM,1000,3,1667200,1761927604641
INSERTION,PARALLEL,4,RANDOM,1000,4,1595400,1761927604643
INSERTION,PARALLEL,4,RANDOM,1000,5,1470200,1761927604645
INSERTION,PARALLEL,8,RANDOM,1000,1,3457000,1761927604649
INSERTION,PARALLEL,8,RANDOM,1000,2,2575900,1761927604652
INSERTION,PARALLEL,8,RANDOM,1000,3,2544900,1761927604655
INSERTION,PARALLEL,8,RANDOM,1000,4,2927100,1761927604658
INSERTION,PARALLEL,8,RANDOM,1000,5,3550900,1761927604662
INSERTION,SEQUENTIAL,1,SORTED,1000,1,4200,1761927604663
INSERTION,SEQUENTIAL,1,SORTED,1000,2,4700,1761927604664
INSERTION,SEQUENTIAL,1,SORTED,1000,3,3500,1761927604664
INSERTION,SEQUENTIAL,1,SORTED,1000,4,3500,1761927604664
INSERTION,SEQUENTIAL,1,SORTED,1000,5,3400,1761927604665
INSERTION,PARALLEL,2,SORTED,1000,1,1499700,1761927604666
INSERTION,PARALLEL,2,SORTED,1000,2,3515300,1761927604671
INSERTION,PARALLEL,2,SORTED,1000,3,1331700,1761927604672
INSERTION,PARALLEL,2,SORTED,1000,4,1103000,1761927604674
INSERTION,PARALLEL,2,SORTED,1000,5,951800,1761927604676
INSERTION,PARALLEL,4,SORTED,1000,1,1899600,1761927604678
INSERTION,PARALLEL,4,SORTED,1000,2,1621400,1761927604680
INSERTION,PARALLEL,4,SORTED,1000,3,1418000,1761927604682
INSERTION,PARALLEL,4,SORTED,1000,4,1437500,1761927604684
INSERTION,PARALLEL,4,SORTED,1000,5,1432100,1761927604687
INSERTION,PARALLEL,8,SORTED,1000,1,3109800,1761927604690
INSERTION,PARALLEL,8,SORTED,1000,2,3213300,1761927604694
INSERTION,PARALLEL,8,SORTED,1000,3,4457200,1761927604699
INSERTION,PARALLEL,8,SORTED,1000,4,3699600,1761927604704
INSERTION,PARALLEL,8,SORTED,1000,5,3939500,1761927604708
INSERTION,SEQUENTIAL,1,REVERSE,1000,1,398900,1761927604709
INSERTION,SEQUENTIAL,1,REVERSE,1000,2,368800,1761927604710
INSERTION,SEQUENTIAL,1,REVERSE,1000,3,441100,1761927604711
INSERTION,SEQUENTIAL,1,REVERSE,1000,4,415500,1761927604712
INSERTION,SEQUENTIAL,1,REVERSE,1000,5,373600,1761927604712
INSERTION,PARALLEL,2,REVERSE,1000,1,2078600,1761927604715
INSERTION,PARALLEL,2,REVERSE,1000,2,1206100,1761927604717
INSERTION,PARALLEL,2,REVERSE,1000,3,6812500,1761927604724
INSERTION,PARALLEL,2,REVERSE,1000,4,1459500,1761927604726
INSERTION,PARALLEL,2,REVERSE,1000,5,971000,1761927604728
INSERTION,PARALLEL,4,REVERSE,1000,1,2892300,1761927604731
INSERTION,PARALLEL,4,REVERSE,1000,2,2862000,1761927604735
INSERTION,PARALLEL,4,REVERSE,1000,3,2017600,1761927604737
INSERTION,PARALLEL,4,REVERSE,1000,4,1515100,1761927604739
INSERTION,PARALLEL,4,REVERSE,1000,5,3156400,1761927604743
INSERTION,PARALLEL,8,REVERSE,1000,1,1896600,1761927604745
INSERTION,PARALLEL,8,REVERSE,1000,2,2095100,1761927604748
INSERTION,PARALLEL,8,REVERSE,1000,3,4680300,1761927604753
INSERTION,PARALLEL,8,REVERSE,1000,4,4417000,1761927604758
INSERTION,PARALLEL,8,REVERSE,1000,5,2136300,1761927604761
INSERTION,SEQUENTIAL,1,NEARLY_SORTED,1000,1,11200,1761927604762
INSERTION,SEQUENTIAL,1,NEARLY_SORTED,1000,2,11400,1761927604762
INSERTION,SEQUENTIAL,1,NEARLY_SORTED,1000,3,12000,1761927604762
INSERTION,SEQUENTIAL,1,NEARLY_SORTED,1000,4,12300,1761927604763
INSERTION,SEQUENTIAL,1,NEARLY_SORTED,1000,5,10700,1761927604763
INSERTION,PARALLEL,2,NEARLY_SORTED,1000,1,1248600,1761927604765
INSERTION,PARALLEL,2,NEARLY_SORTED,1000,2,963000,1761927604766
INSERTION,PARALLEL,2,NEARLY_SORTED,1000,3,954700,1761927604767
INSERTION,PARALLEL,2,NEARLY_SORTED,1000,4,805000,1761927604769
INSERTION,PARALLEL,2,NEARLY_SORTED,1000,5,859400,1761927604770
INSERTION,PARALLEL,4,NEARLY_SORTED,1000,1,1304000,1761927604772
INSERTION,PARALLEL,4,NEARLY_SORTED,1000,2,1660700,1761927604774
INSERTION,PARALLEL,4,NEARLY_SORTED,1000,3,1536400,1761927604776
INSERTION,PARALLEL,4,NEARLY_SORTED,1000,4,1599900,1761927604778
INSERTION,PARALLEL,4,NEARLY_SORTED,1000,5,2620100,1761927604781
INSERTION,PARALLEL,8,NEARLY_SORTED,1000,1,1979500,1761927604784
INSERTION,PARALLEL,8,NEARLY_SORTED,1000,2,3659700,1761927604789
INSERTION,PARALLEL,8,NEARLY_SORTED,1000,3,2374800,1761927604792
INSERTION,PARALLEL,8,NEARLY_SORTED,1000,4,3349500,1761927604796
INSERTION,PARALLEL,8,NEARLY_SORTED,1000,5,2982600,1761927604800
INSERTION,SEQUENTIAL,1,RANDOM,5000,1,4572800,1761927604805
INSERTION,SEQUENTIAL,1,RANDOM,5000,2,4821600,1761927604810
INSERTION,SEQUENTIAL,1,RANDOM,5000,3,2218800,1761927604813
INSERTION,SEQUENTIAL,1,RANDOM,5000,4,1524800,1761927604815
INSERTION,SEQUENTIAL,1,RANDOM,5000,5,1528600,1761927604817
INSERTION,PARALLEL,2,RANDOM,5000,1,2451800,1761927604819
INSERTION,PARALLEL,2,RANDOM,5000,2,2544900,1761927604822
INSERTION,PARALLEL,2,RANDOM,5000,3,2217600,1761927604825
INSERTION,PARALLEL,2,RANDOM,5000,4,4069600,1761927604830
INSERTION,PARALLEL,2,RANDOM,5000,5,2044800,1761927604832
INSERTION,PARALLEL,4,RANDOM,5000,1,2161100,1761927604835
INSERTION,PARALLEL,4,RANDOM,5000,2,2226400,1761927604838
INSERTION,PARALLEL,4,RANDOM,5000,3,2192900,1761927604841
INSERTION,PARALLEL,4,RANDOM,5000,4,2188100,1761927604844
INSERTION,PARALLEL,4,RANDOM,5000,5,2168500,1761927604847
INSERTION,PARALLEL,8,RANDOM,5000,1,2644000,1761927604850
INSERTION,PARALLEL,8,RANDOM,5000,2,2677900,1761927604853
INSERTION,PARALLEL,8,RANDOM,5000,3,4444200,1761927604858
INSERTION,PARALLEL,8,RANDOM,5000,4,5681000,1761927604864
INSERTION,PARALLEL,8,RANDOM,5000,5,3386600,1761927604868
INSERTION,SEQUENTIAL,1,SORTED,5000,1,14800,1761927604869
INSERTION,SEQUENTIAL,1,SORTED,5000,2,14600,1761927604870
INSERTION,SEQUENTIAL,1,SORTED,5000,3,14500,1761927604871
INSERTION,SEQUENTIAL,1,SORTED,5000,4,15300,1761927604875
INSERTION,SEQUENTIAL,1,SORTED,5000,5,14300,1761927604876
INSERTION,PARALLEL,2,SORTED,5000,1,1661100,1761927604878
INSERTION,PARALLEL,2,SORTED,5000,2,1422900,1761927604881
INSERTION,PARALLEL,2,SORTED,5000,3,1245000,1761927604883
INSERTION,PARALLEL,2,SORTED,5000,4,1196400,1761927604885
INSERTION,PARALLEL,2,SORTED,5000,5,6034900,1761927604892
INSERTION,PARALLEL,4,SORTED,5000,1,1569100,1761927604895
INSERTION,PARALLEL,4,SORTED,5000,2,1291800,1761927604897
INSERTION,PARALLEL,4,SORTED,5000,3,1682400,1761927604900
INSERTION,PARALLEL,4,SORTED,5000,4,2214800,1761927604903
INSERTION,PARALLEL,4,SORTED,5000,5,2151300,1761927604906
INSERTION,PARALLEL,8,SORTED,5000,1,6209800,1761927604914
INSERTION,PARALLEL,8,SORTED,5000,2,3466700,1761927604918
INSERTION,PARALLEL,8,SORTED,5000,3,4062400,1761927604924
INSERTION,PARALLEL,8,SORTED,5000,4,3628700,1761927604928
INSERTION,PARALLEL,8,SORTED,5000,5,2530400,1761927604932
INSERTION,SEQUENTIAL,1,REVERSE,5000,1,10638900,1761927604944
INSERTION,SEQUENTIAL,1,REVERSE,5000,2,11991600,1761927604958
INSERTION,SEQUENTIAL,1,REVERSE,5000,3,10597500,1761927604969
INSERTION,SEQUENTIAL,1,REVERSE,5000,4,8512900,1761927604979
INSERTION,SEQUENTIAL,1,REVERSE,5000,5,9235600,1761927604989
INSERTION,PARALLEL,2,REVERSE,5000,1,5549900,1761927604996
INSERTION,PARALLEL,2,REVERSE,5000,2,4774000,1761927605002
INSERTION,PARALLEL,2,REVERSE,5000,3,4633400,1761927605008
INSERTION,PARALLEL,2,REVERSE,5000,4,3579400,1761927605013
INSERTION,PARALLEL,2,REVERSE,5000,5,4969600,1761927605019
INSERTION,PARALLEL,4,REVERSE,5000,1,5729400,1761927605025
INSERTION,PARALLEL,4,REVERSE,5000,2,2444300,1761927605029
INSERTION,PARALLEL,4,REVERSE,5000,3,3092600,1761927605033
INSERTION,PARALLEL,4,REVERSE,5000,4,4215400,1761927605038
INSERTION,PARALLEL,4,REVERSE,5000,5,4910900,1761927605044
INSERTION,PARALLEL,8,REVERSE,5000,1,4319000,1761927605050
INSERTION,PARALLEL,8,REVERSE,5000,2,8511500,1761927605060
INSERTION,PARALLEL,8,REVERSE,5000,3,6511900,1761927605067
INSERTION,PARALLEL,8,REVERSE,5000,4,7846900,1761927605076
INSERTION,PARALLEL,8,REVERSE,5000,5,5342000,1761927605083
INSERTION,SEQUENTIAL,1,NEARLY_SORTED,5000,1,167400,1761927605084
INSERTION,SEQUENTIAL,1,NEARLY_SORTED,5000,2,149100,1761927605086
INSERTION,SEQUENTIAL,1,NEARLY_SORTED,5000,3,137200,1761927605087
INSERTION,SEQUENTIAL,1,NEARLY_SORTED,5000,4,176600,1761927605089
INSERTION,SEQUENTIAL,1,NEARLY_SORTED,5000,5,142100,1761927605091
INSERTION,PARALLEL,2,NEARLY_SORTED,5000,1,2301600,1761927605097
INSERTION,PARALLEL,2,NEARLY_SORTED,5000,2,1414400,1761927605099
INSERTION,PARALLEL,2,NEARLY_SORTED,5000,3,2032300,1761927605102
INSERTION,PARALLEL,2,NEARLY_SORTED,5000,4,2056400,1761927605105
INSERTION,PARALLEL,2,NEARLY_SORTED,5000,5,3079900,1761927605109
INSERTION,PARALLEL,4,NEARLY_SORTED,5000,1,3220900,1761927605114
INSERTION,PARALLEL,4,NEARLY_SORTED,5000,2,9628300,1761927605124
INSERTION,PARALLEL,4,NEARLY_SORTED,5000,3,2592600,1761927605128
INSERTION,PARALLEL,4,NEARLY_SORTED,5000,4,2049900,1761927605131
INSERTION,PARALLEL,4,NEARLY_SORTED,5000,5,2059900,1761927605134
INSERTION,PARALLEL,8,NEARLY_SORTED,5000,1,10644200,1761927605148
INSERTION,PARALLEL,8,NEARLY_SORTED,5000,2,8674300,1761927605157
INSERTION,PARALLEL,8,NEARLY_SORTED,5000,3,5905300,1761927605164
INSERTION,PARALLEL,8,NEARLY_SORTED,5000,4,9466600,1761927605176
INSERTION,PARALLEL,8,NEARLY_SORTED,5000,5,3153500,1761927605180
INSERTION,SEQUENTIAL,1,RANDOM,10000,1,19099300,1761927605200
INSERTION,SEQUENTIAL,1,RANDOM,10000,2,24812600,1761927605225
INSERTION,SEQUENTIAL,1,RANDOM,10000,3,19867600,1761927605245
INSERTION,SEQUENTIAL,1,RANDOM,10000,4,10944500,1761927605257
INSERTION,SEQUENTIAL,1,RANDOM,10000,5,7989400,1761927605266
INSERTION,PARALLEL,2,RANDOM,10000,1,7285600,1761927605274
INSERTION,PARALLEL,2,RANDOM,10000,2,6289800,1761927605281
INSERTION,PARALLEL,2,RANDOM,10000,3,7853000,1761927605289
INSERTION,PARALLEL,2,RANDOM,10000,4,9839800,1761927605300
INSERTION,PARALLEL,2,RANDOM,10000,5,8690500,1761927605309
INSERTION,PARALLEL,4,RANDOM,10000,1,5127200,1761927605315
INSERTION,PARALLEL,4,RANDOM,10000,2,3526200,1761927605319
INSERTION,PARALLEL,4,RANDOM,10000,3,5661000,1761927605326
INSERTION,PARALLEL,4,RANDOM,10000,4,4107800,1761927605330
INSERTION,PARALLEL,4,RANDOM,10000,5,6101600,1761927605337
INSERTION,PARALLEL,8,RANDOM,10000,1,4184200,1761927605342
INSERTION,PARALLEL,8,RANDOM,10000,2,9734600,1761927605353
INSERTION,PARALLEL,8,RANDOM,10000,3,6316100,1761927605361
INSERTION,PARALLEL,8,RANDOM,10000,4,4066400,1761927605366
INSERTION,PARALLEL,8,RANDOM,10000,5,4986800,1761927605372
INSERTION,SEQUENTIAL,1,SORTED,10000,1,28400,1761927605374
INSERTION,SEQUENTIAL,1,SORTED,10000,2,29000,1761927605375
INSERTION,SEQUENTIAL,1,SORTED,10000,3,28000,1761927605377
INSERTION,SEQUENTIAL,1,SORTED,10000,4,49700,1761927605379
INSERTION,SEQUENTIAL,1,SORTED,10000,5,28300,1761927605381
INSERTION,PARALLEL,2,SORTED,10000,1,1629000,1761927605384
INSERTION,PARALLEL,2,SORTED,10000,2,1949900,1761927605387
INSERTION,PARALLEL,2,SORTED,10000,3,4993400,1761927605408
INSERTION,PARALLEL,2,SORTED,10000,4,3254000,1761927605414
INSERTION,PARALLEL,2,SORTED,10000,5,1996800,1761927605418
INSERTION,PARALLEL,4,SORTED,10000,1,5162600,1761927605424
INSERTION,PARALLEL,4,SORTED,10000,2,2433700,1761927605429
INSERTION,PARALLEL,4,SORTED,10000,3,3644700,1761927605434
INSERTION,PARALLEL,4,SORTED,10000,4,2562500,1761927605439
INSERTION,PARALLEL,4,SORTED,10000,5,3421600,1761927605444
INSERTION,PARALLEL,8,SORTED,10000,1,7439900,1761927605453
INSERTION,PARALLEL,8,SORTED,10000,2,19375400,1761927605475
INSERTION,PARALLEL,8,SORTED,10000,3,4369800,1761927605481
INSERTION,PARALLEL,8,SORTED,10000,4,12219700,1761927605496
INSERTION,PARALLEL,8,SORTED,10000,5,6070100,1761927605503
INSERTION,SEQUENTIAL,1,REVERSE,10000,1,37625200,1761927605543
INSERTION,SEQUENTIAL,1,REVERSE,10000,2,17363000,1761927605562
INSERTION,SEQUENTIAL,1,REVERSE,10000,3,23054700,1761927605587
INSERTION,SEQUENTIAL,1,REVERSE,10000,4,18409100,1761927605607
INSERTION,SEQUENTIAL,1,REVERSE,10000,5,32399800,1761927605641
INSERTION,PARALLEL,2,REVERSE,10000,1,11534500,1761927605656
INSERTION,PARALLEL,2,REVERSE,10000,2,11105500,1761927605669
INSERTION,PARALLEL,2,REVERSE,10000,3,11175300,1761927605682
INSERTION,PARALLEL,2,REVERSE,10000,4,11860300,1761927605695
INSERTION,PARALLEL,2,REVERSE,10000,5,8977200,1761927605706
INSERTION,PARALLEL,4,REVERSE,10000,1,4920500,1761927605712
INSERTION,PARALLEL,4,REVERSE,10000,2,45273100,1761927605758
INSERTION,PARALLEL,4,REVERSE,10000,3,11741600,1761927605771
INSERTION,PARALLEL,4,REVERSE,10000,4,4211600,1761927605777
INSERTION,PARALLEL,4,REVERSE,10000,5,4018500,1761927605782
INSERTION,PARALLEL,8,REVERSE,10000,1,3254200,1761927605786
INSERTION,PARALLEL,8,REVERSE,10000,2,11334800,1761927605799
INSERTION,PARALLEL,8,REVERSE,10000,3,2887900,1761927605805
INSERTION,PARALLEL,8,REVERSE,10000,4,2641500,1761927605809
INSERTION,PARALLEL,8,REVERSE,10000,5,2879900,1761927605813
INSERTION,SEQUENTIAL,1,NEARLY_SORTED,10000,1,432100,1761927605815
INSERTION,SEQUENTIAL,1,NEARLY_SORTED,10000,2,397200,1761927605817
INSERTION,SEQUENTIAL,1,NEARLY_SORTED,10000,3,393500,1761927605818
INSERTION,SEQUENTIAL,1,NEARLY_SORTED,10000,4,379200,1761927605820
INSERTION,SEQUENTIAL,1,NEARLY_SORTED,10000,5,207000,1761927605822
INSERTION,PARALLEL,2,NEARLY_SORTED,10000,1,1505200,1761927605824
INSERTION,PARALLEL,2,NEARLY_SORTED,10000,2,2042200,1761927605828
INSERTION,PARALLEL,2,NEARLY_SORTED,10000,3,1341300,1761927605830
INSERTION,PARALLEL,2,NEARLY_SORTED,10000,4,3231200,1761927605835
INSERTION,PARALLEL,2,NEARLY_SORTED,10000,5,1461400,1761927605838
INSERTION,PARALLEL,4,NEARLY_SORTED,10000,1,1811800,1761927605841
INSERTION,PARALLEL,4,NEARLY_SORTED,10000,2,1682000,1761927605844
INSERTION,PARALLEL,4,NEARLY_SORTED,10000,3,2001200,1761927605848
INSERTION,PARALLEL,4,NEARLY_SORTED,10000,4,1342400,1761927605850
INSERTION,PARALLEL,4,NEARLY_SORTED,10000,5,1497800,1761927605853
INSERTION,PARALLEL,8,NEARLY_SORTED,10000,1,4150700,1761927605858
INSERTION,PARALLEL,8,NEARLY_SORTED,10000,2,2472200,1761927605862
INSERTION,PARALLEL,8,NEARLY_SORTED,10000,3,2645900,1761927605866
INSERTION,PARALLEL,8,NEARLY_SORTED,10000,4,2497300,1761927605870
INSERTION,PARALLEL,8,NEARLY_SORTED,10000,5,3297400,1761927605875
QUICK,SEQUENTIAL,1,RANDOM,10000,1,2783800,1761927605878
QUICK,SEQUENTIAL,1,RANDOM,10000,2,1432500,1761927605880
QUICK,SEQUENTIAL,1,RANDOM,10000,3,1346600,1761927605882
QUICK,SEQUENTIAL,1,RANDOM,10000,4,1559100,1761927605883
QUICK,SEQUENTIAL,1,RANDOM,10000,5,1396600,1761927605885
QUICK,PARALLEL,2,RANDOM,10000,1,4066200,1761927605890
QUICK,PARALLEL,2,RANDOM,10000,2,6928000,1761927605897
QUICK,PARALLEL,2,RANDOM,10000,3,3695400,1761927605901
QUICK,PARALLEL,2,RANDOM,10000,4,3655400,1761927605905
QUICK,PARALLEL,2,RANDOM,10000,5,3644400,1761927605909
QUICK,PARALLEL,4,RANDOM,10000,1,4994400,1761927605915
QUICK,PARALLEL,4,RANDOM,10000,2,4228300,1761927605920
QUICK,PARALLEL,4,RANDOM,10000,3,5690400,1761927605926
QUICK,PARALLEL,4,RANDOM,10000,4,3691600,1761927605930
QUICK,PARALLEL,4,RANDOM,10000,5,4755200,1761927605935
QUICK,PARALLEL,8,RANDOM,10000,1,6200800,1761927605942
QUICK,PARALLEL,8,RANDOM,10000,2,2698900,1761927605945
QUICK,PARALLEL,8,RANDOM,10000,3,2399800,1761927605948
QUICK,PARALLEL,8,RANDOM,10000,4,3095100,1761927605952
QUICK,PARALLEL,8,RANDOM,10000,5,2532200,1761927605955
QUICK,SEQUENTIAL,1,SORTED,10000,1,143300,1761927605956
QUICK,SEQUENTIAL,1,SORTED,10000,2,227200,1761927605958
QUICK,SEQUENTIAL,1,SORTED,10000,3,211400,1761927605961
QUICK,SEQUENTIAL,1,SORTED,10000,4,205300,1761927605962
QUICK,SEQUENTIAL,1,SORTED,10000,5,187300,1761927605964
QUICK,PARALLEL,2,SORTED,10000,1,1309600,1761927605966
QUICK,PARALLEL,2,SORTED,10000,2,1367000,1761927605969
QUICK,PARALLEL,2,SORTED,10000,3,1326900,1761927605972
QUICK,PARALLEL,2,SORTED,10000,4,2344800,1761927605976
QUICK,PARALLEL,2,SORTED,10000,5,1112800,1761927605978
QUICK,PARALLEL,4,SORTED,10000,1,3441300,1761927605983
QUICK,PARALLEL,4,SORTED,10000,2,1601000,1761927605986
QUICK,PARALLEL,4,SORTED,10000,3,5105000,1761927605992
QUICK,PARALLEL,4,SORTED,10000,4,1494400,1761927605995
QUICK,PARALLEL,4,SORTED,10000,5,1440500,1761927605998
QUICK,PARALLEL,8,SORTED,10000,1,2282800,1761927606001
QUICK,PARALLEL,8,SORTED,10000,2,4912000,1761927606008
QUICK,PARALLEL,8,SORTED,10000,3,1932700,1761927606011
QUICK,PARALLEL,8,SORTED,10000,4,1996000,1761927606014
QUICK,PARALLEL,8,SORTED,10000,5,2170300,1761927606018
QUICK,SEQUENTIAL,1,REVERSE,10000,1,620300,1761927606020
QUICK,SEQUENTIAL,1,REVERSE,10000,2,703800,1761927606022
QUICK,SEQUENTIAL,1,REVERSE,10000,3,487300,1761927606024
QUICK,SEQUENTIAL,1,REVERSE,10000,4,509700,1761927606025
QUICK,SEQUENTIAL,1,REVERSE,10000,5,513000,1761927606027
QUICK,PARALLEL,2,REVERSE,10000,1,1569400,1761927606030
QUICK,PARALLEL,2,REVERSE,10000,2,1435900,1761927606033
QUICK,PARALLEL,2,REVERSE,10000,3,1440300,1761927606036
QUICK,PARALLEL,2,REVERSE,10000,4,3946200,1761927606040
QUICK,PARALLEL,2,REVERSE,10000,5,1539200,1761927606043
QUICK,PARALLEL,4,REVERSE,10000,1,1907900,1761927606047
QUICK,PARALLEL,4,REVERSE,10000,2,1631500,1761927606050
QUICK,PARALLEL,4,REVERSE,10000,3,2407100,1761927606054
QUICK,PARALLEL,4,REVERSE,10000,4,2048800,1761927606059
QUICK,PARALLEL,4,REVERSE,10000,5,3111600,1761927606064
QUICK,PARALLEL,8,REVERSE,10000,1,2918800,1761927606068
QUICK,PARALLEL,8,REVERSE,10000,2,2493100,1761927606072
QUICK,PARALLEL,8,REVERSE,10000,3,2286200,1761927606076
QUICK,PARALLEL,8,REVERSE,10000,4,2191600,1761927606079
QUICK,PARALLEL,8,REVERSE,10000,5,2488300,1761927606083
QUICK,SEQUENTIAL,1,NEARLY_SORTED,10000,1,547000,1761927606085
QUICK,SEQUENTIAL,1,NEARLY_SORTED,10000,2,687100,1761927606087
QUICK,SEQUENTIAL,1,NEARLY_SORTED,10000,3,374700,1761927606089
QUICK,SEQUENTIAL,1,NEARLY_SORTED,10000,4,361000,1761927606091
QUICK,SEQUENTIAL,1,NEARLY_SORTED,10000,5,492100,1761927606092
QUICK,PARALLEL,2,NEARLY_SORTED,10000,1,2001000,1761927606096
QUICK,PARALLEL,2,NEARLY_SORTED,10000,2,3255300,1761927606101
QUICK,PARALLEL,2,NEARLY_SORTED,10000,3,1525400,1761927606104
QUICK,PARALLEL,2,NEARLY_SORTED,10000,4,3709800,1761927606110
QUICK,PARALLEL,2,NEARLY_SORTED,10000,5,2862300,1761927606115
QUICK,PARALLEL,4,NEARLY_SORTED,10000,1,2142600,1761927606119
QUICK,PARALLEL,4,NEARLY_SORTED,10000,2,3095200,1761927606123
QUICK,PARALLEL,4,NEARLY_SORTED,10000,3,2070500,1761927606127
QUICK,PARALLEL,4,NEARLY_SORTED,10000,4,2804000,1761927606131
QUICK,PARALLEL,4,NEARLY_SORTED,10000,5,3421100,1761927606136
QUICK,PARALLEL,8,NEARLY_SORTED,10000,1,5989300,1761927606146
QUICK,PARALLEL,8,NEARLY_SORTED,10000,2,5378000,1761927606153
QUICK,PARALLEL,8,NEARLY_SORTED,10000,3,4107200,1761927606159
QUICK,PARALLEL,8,NEARLY_SORTED,10000,4,4873900,1761927606166
QUICK,PARALLEL,8,NEARLY_SORTED,10000,5,6384200,1761927606175
QUICK,SEQUENTIAL,1,RANDOM,50000,1,10946300,1761927606188
QUICK,SEQUENTIAL,1,RANDOM,50000,2,10709900,1761927606201
QUICK,SEQUENTIAL,1,RANDOM,50000,3,12349000,1761927606216
QUICK,SEQUENTIAL,1,RANDOM,50000,4,10836000,1761927606228
QUICK,SEQUENTIAL,1,RANDOM,50000,5,10294400,1761927606240
QUICK,PARALLEL,2,RANDOM,50000,1,10169700,1761927606253
QUICK,PARALLEL,2,RANDOM,50000,2,11392100,1761927606267
QUICK,PARALLEL,2,RANDOM,50000,3,10279000,1761927606279
QUICK,PARALLEL,2,RANDOM,50000,4,11888900,1761927606293
QUICK,PARALLEL,2,RANDOM,50000,5,11285400,1761927606306
QUICK,PARALLEL,4,RANDOM,50000,1,11038100,1761927606319
QUICK,PARALLEL,4,RANDOM,50000,2,8691500,1761927606330
QUICK,PARALLEL,4,RANDOM,50000,3,9450200,1761927606342
QUICK,PARALLEL,4,RANDOM,50000,4,8934800,1761927606353
QUICK,PARALLEL,4,RANDOM,50000,5,11920800,1761927606367
QUICK,PARALLEL,8,RANDOM,50000,1,11295500,1761927606380
QUICK,PARALLEL,8,RANDOM,50000,2,11149500,1761927606392
QUICK,PARALLEL,8,RANDOM,50000,3,9524400,1761927606403
QUICK,PARALLEL,8,RANDOM,50000,4,8721600,1761927606414
QUICK,PARALLEL,8,RANDOM,50000,5,11938200,1761927606427
QUICK,SEQUENTIAL,1,SORTED,50000,1,866100,1761927606436
QUICK,SEQUENTIAL,1,SORTED,50000,2,876300,1761927606442
QUICK,SEQUENTIAL,1,SORTED,50000,3,923300,1761927606451
QUICK,SEQUENTIAL,1,SORTED,50000,4,1866800,1761927606462
QUICK,SEQUENTIAL,1,SORTED,50000,5,2112300,1761927606475
QUICK,PARALLEL,2,SORTED,50000,1,5607200,1761927606492
QUICK,PARALLEL,2,SORTED,50000,2,5865100,1761927606509
QUICK,PARALLEL,2,SORTED,50000,3,5191200,1761927606525
QUICK,PARALLEL,2,SORTED,50000,4,3334200,1761927606536
QUICK,PARALLEL,2,SORTED,50000,5,4524700,1761927606551
QUICK,PARALLEL,4,SORTED,50000,1,6234500,1761927606568
QUICK,PARALLEL,4,SORTED,50000,2,6235100,1761927606585
QUICK,PARALLEL,4,SORTED,50000,3,5322800,1761927606602
QUICK,PARALLEL,4,SORTED,50000,4,5950000,1761927606618
QUICK,PARALLEL,4,SORTED,50000,5,3916600,1761927606631
QUICK,PARALLEL,8,SORTED,50000,1,23797400,1761927606666
QUICK,PARALLEL,8,SORTED,50000,2,8107900,1761927606684
QUICK,PARALLEL,8,SORTED,50000,3,13334400,1761927606713
QUICK,PARALLEL,8,SORTED,50000,4,7086700,1761927606731
QUICK,PARALLEL,8,SORTED,50000,5,12268500,1761927606752
QUICK,SEQUENTIAL,1,REVERSE,50000,1,5759500,1761927606783
QUICK,SEQUENTIAL,1,REVERSE,50000,2,5529300,1761927606800
QUICK,SEQUENTIAL,1,REVERSE,50000,3,4645600,1761927606814
QUICK,SEQUENTIAL,1,REVERSE,50000,4,3907800,1761927606825
QUICK,SEQUENTIAL,1,REVERSE,50000,5,5409000,1761927606839
QUICK,PARALLEL,2,REVERSE,50000,1,8255300,1761927606855
QUICK,PARALLEL,2,REVERSE,50000,2,9691300,1761927606876
QUICK,PARALLEL,2,REVERSE,50000,3,5546900,1761927606890
QUICK,PARALLEL,2,REVERSE,50000,4,8688300,1761927606907
QUICK,PARALLEL,2,REVERSE,50000,5,5921700,1761927606921
QUICK,PARALLEL,4,REVERSE,50000,1,4321900,1761927606932
QUICK,PARALLEL,4,REVERSE,50000,2,4632600,1761927606944
QUICK,PARALLEL,4,REVERSE,50000,3,5873100,1761927606957
QUICK,PARALLEL,4,REVERSE,50000,4,5870100,1761927606970
QUICK,PARALLEL,4,REVERSE,50000,5,6789300,1761927606988
QUICK,PARALLEL,8,REVERSE,50000,1,7826600,1761927607002
QUICK,PARALLEL,8,REVERSE,50000,2,7692400,1761927607021
QUICK,PARALLEL,8,REVERSE,50000,3,6977000,1761927607040
QUICK,PARALLEL,8,REVERSE,50000,4,5860000,1761927607056
QUICK,PARALLEL,8,REVERSE,50000,5,7095200,1761927607072
QUICK,SEQUENTIAL,1,NEARLY_SORTED,50000,1,2688500,1761927607084
QUICK,SEQUENTIAL,1,NEARLY_SORTED,50000,2,3920000,1761927607096
QUICK,SEQUENTIAL,1,NEARLY_SORTED,50000,3,3744800,1761927607107
QUICK,SEQUENTIAL,1,NEARLY_SORTED,50000,4,3261800,1761927607120
QUICK,SEQUENTIAL,1,NEARLY_SORTED,50000,5,2520400,1761927607130
QUICK,PARALLEL,2,NEARLY_SORTED,50000,1,6797000,1761927607143
QUICK,PARALLEL,2,NEARLY_SORTED,50000,2,6596700,1761927607157
QUICK,PARALLEL,2,NEARLY_SORTED,50000,3,7700400,1761927607176
QUICK,PARALLEL,2,NEARLY_SORTED,50000,4,10168600,1761927607197
QUICK,PARALLEL,2,NEARLY_SORTED,50000,5,7895000,1761927607216
QUICK,PARALLEL,4,NEARLY_SORTED,50000,1,10944000,1761927607240
QUICK,PARALLEL,4,NEARLY_SORTED,50000,2,9509000,1761927607260
QUICK,PARALLEL,4,NEARLY_SORTED,50000,3,8108500,1761927607276
QUICK,PARALLEL,4,NEARLY_SORTED,50000,4,8121400,1761927607297
QUICK,PARALLEL,4,NEARLY_SORTED,50000,5,8321100,1761927607316
QUICK,PARALLEL,8,NEARLY_SORTED,50000,1,10900200,1761927607338
QUICK,PARALLEL,8,NEARLY_SORTED,50000,2,9748900,1761927607359
QUICK,PARALLEL,8,NEARLY_SORTED,50000,3,14326200,1761927607384
QUICK,PARALLEL,8,NEARLY_SORTED,50000,4,6857400,1761927607401
QUICK,PARALLEL,8,NEARLY_SORTED,50000,5,10246600,1761927607420
QUICK,SEQUENTIAL,1,RANDOM,100000,1,19669400,1761927607444
QUICK,SEQUENTIAL,1,RANDOM,100000,2,18594200,1761927607465
QUICK,SEQUENTIAL,1,RANDOM,100000,3,20284600,1761927607491
QUICK,SEQUENTIAL,1,RANDOM,100000,4,17734700,1761927607513
QUICK,SEQUENTIAL,1,RANDOM,100000,5,17148600,1761927607533
QUICK,PARALLEL,2,RANDOM,100000,1,22090300,1761927607559
QUICK,PARALLEL,2,RANDOM,100000,2,19334800,1761927607582
QUICK,PARALLEL,2,RANDOM,100000,3,15820700,1761927607601
QUICK,PARALLEL,2,RANDOM,100000,4,9956400,1761927607613
QUICK,PARALLEL,2,RANDOM,100000,5,9790200,1761927607624
QUICK,PARALLEL,4,RANDOM,100000,1,9196300,1761927607636
QUICK,PARALLEL,4,RANDOM,100000,2,11138100,1761927607648
QUICK,PARALLEL,4,RANDOM,100000,3,9912500,1761927607660
QUICK,PARALLEL,4,RANDOM,100000,4,9162000,1761927607671
QUICK,PARALLEL,4,RANDOM,100000,5,7923700,1761927607680
QUICK,PARALLEL,8,RANDOM,100000,1,9710000,1761927607692
QUICK,PARALLEL,8,RANDOM,100000,2,8310400,1761927607702
QUICK,PARALLEL,8,RANDOM,100000,3,9358300,1761927607713
QUICK,PARALLEL,8,RANDOM,100000,4,7508800,1761927607722
QUICK,PARALLEL,8,RANDOM,100000,5,9368700,1761927607732
QUICK,SEQUENTIAL,1,SORTED,100000,1,1071800,1761927607742
QUICK,SEQUENTIAL,1,SORTED,100000,2,1046400,1761927607751
QUICK,SEQUENTIAL,1,SORTED,100000,3,1082400,1761927607761
QUICK,SEQUENTIAL,1,SORTED,100000,4,1058700,1761927607770
QUICK,SEQUENTIAL,1,SORTED,100000,5,1098300,1761927607780
QUICK,PARALLEL,2,SORTED,100000,1,4243400,1761927607792
QUICK,PARALLEL,2,SORTED,100000,2,2747400,1761927607803
QUICK,PARALLEL,2,SORTED,100000,3,2787600,1761927607814
QUICK,PARALLEL,2,SORTED,100000,4,5575900,1761927607827
QUICK,PARALLEL,2,SORTED,100000,5,3433400,1761927607838
QUICK,PARALLEL,4,SORTED,100000,1,2444800,1761927607850
QUICK,PARALLEL,4,SORTED,100000,2,2938900,1761927607863
QUICK,PARALLEL,4,SORTED,100000,3,4744200,1761927607876
QUICK,PARALLEL,4,SORTED,100000,4,3587300,1761927607888
QUICK,PARALLEL,4,SORTED,100000,5,3764000,1761927607901
QUICK,PARALLEL,8,SORTED,100000,1,5058500,1761927607915
QUICK,PARALLEL,8,SORTED,100000,2,4661200,1761927607930
QUICK,PARALLEL,8,SORTED,100000,3,4698800,1761927607945
QUICK,PARALLEL,8,SORTED,100000,4,6346900,1761927607960
QUICK,PARALLEL,8,SORTED,100000,5,6017500,1761927607974
QUICK,SEQUENTIAL,1,REVERSE,100000,1,3631300,1761927607990
QUICK,SEQUENTIAL,1,REVERSE,100000,2,3678900,1761927608002
QUICK,SEQUENTIAL,1,REVERSE,100000,3,3822900,1761927608015
QUICK,SEQUENTIAL,1,REVERSE,100000,4,4475500,1761927608027
QUICK,SEQUENTIAL,1,REVERSE,100000,5,3554800,1761927608040
QUICK,PARALLEL,2,REVERSE,100000,1,5825500,1761927608055
QUICK,PARALLEL,2,REVERSE,100000,2,4674200,1761927608070
QUICK,PARALLEL,2,REVERSE,100000,3,7136000,1761927608092
QUICK,PARALLEL,2,REVERSE,100000,4,7055800,1761927608108
QUICK,PARALLEL,2,REVERSE,100000,5,6001800,1761927608126
QUICK,PARALLEL,4,REVERSE,100000,1,6318900,1761927608144
QUICK,PARALLEL,4,REVERSE,100000,2,5869600,1761927608161
QUICK,PARALLEL,4,REVERSE,100000,3,8086600,1761927608179
QUICK,PARALLEL,4,REVERSE,100000,4,4144500,1761927608194
QUICK,PARALLEL,4,REVERSE,100000,5,5797000,1761927608208
QUICK,PARALLEL,8,REVERSE,100000,1,5581800,1761927608223
QUICK,PARALLEL,8,REVERSE,100000,2,4446000,1761927608237
QUICK,PARALLEL,8,REVERSE,100000,3,5210400,1761927608251
QUICK,PARALLEL,8,REVERSE,100000,4,6361400,1761927608266
QUICK,PARALLEL,8,REVERSE,100000,5,6217800,1761927608284
QUICK,SEQUENTIAL,1,NEARLY_SORTED,100000,1,3660100,1761927608296
QUICK,SEQUENTIAL,1,NEARLY_SORTED,100000,2,4461100,1761927608309
QUICK,SEQUENTIAL,1,NEARLY_SORTED,100000,3,4483000,1761927608323
QUICK,SEQUENTIAL,1,NEARLY_SORTED,100000,4,3142500,1761927608336
QUICK,SEQUENTIAL,1,NEARLY_SORTED,100000,5,3589700,1761927608350
QUICK,PARALLEL,2,NEARLY_SORTED,100000,1,8130200,1761927608369
QUICK,PARALLEL,2,NEARLY_SORTED,100000,2,8376500,1761927608390
QUICK,PARALLEL,2,NEARLY_SORTED,100000,3,9258200,1761927608410
QUICK,PARALLEL,2,NEARLY_SORTED,100000,4,7561200,1761927608427
QUICK,PARALLEL,2,NEARLY_SORTED,100000,5,6024100,1761927608442
QUICK,PARALLEL,4,NEARLY_SORTED,100000,1,7291600,1761927608458
QUICK,PARALLEL,4,NEARLY_SORTED,100000,2,5949400,1761927608473
QUICK,PARALLEL,4,NEARLY_SORTED,100000,3,5907900,1761927608487
QUICK,PARALLEL,4,NEARLY_SORTED,100000,4,5656600,1761927608504
QUICK,PARALLEL,4,NEARLY_SORTED,100000,5,10039200,1761927608535
QUICK,PARALLEL,8,NEARLY_SORTED,100000,1,22085000,1761927608571
QUICK,PARALLEL,8,NEARLY_SORTED,100000,2,10004800,1761927608593
QUICK,PARALLEL,8,NEARLY_SORTED,100000,3,10605200,1761927608616
QUICK,PARALLEL,8,NEARLY_SORTED,100000,4,8565700,1761927608636
QUICK,PARALLEL,8,NEARLY_SORTED,100000,5,7744600,1761927608652
QUICK,SEQUENTIAL,1,RANDOM,200000,1,21818900,1761927608677
QUICK,SEQUENTIAL,1,RANDOM,200000,2,17386400,1761927608697
QUICK,SEQUENTIAL,1,RANDOM,200000,3,16544500,1761927608716
QUICK,SEQUENTIAL,1,RANDOM,200000,4,18602700,1761927608737
QUICK,SEQUENTIAL,1,RANDOM,200000,5,17177900,1761927608758
QUICK,PARALLEL,2,RANDOM,200000,1,12502800,1761927608773
QUICK,PARALLEL,2,RANDOM,200000,2,11581500,1761927608787
QUICK,PARALLEL,2,RANDOM,200000,3,12761900,1761927608803
QUICK,PARALLEL,2,RANDOM,200000,4,14015800,1761927608820
QUICK,PARALLEL,2,RANDOM,200000,5,17736500,1761927608841
QUICK,PARALLEL,4,RANDOM,200000,1,14673800,1761927608858
QUICK,PARALLEL,4,RANDOM,200000,2,15108300,1761927608877
QUICK,PARALLEL,4,RANDOM,200000,3,12381300,1761927608892
QUICK,PARALLEL,4,RANDOM,200000,4,14657000,1761927608909
QUICK,PARALLEL,4,RANDOM,200000,5,13354000,1761927608925
QUICK,PARALLEL,8,RANDOM,200000,1,12619000,1761927608940
QUICK,PARALLEL,8,RANDOM,200000,2,13101100,1761927608956
QUICK,PARALLEL,8,RANDOM,200000,3,14283400,1761927608973
QUICK,PARALLEL,8,RANDOM,200000,4,13037800,1761927608989
QUICK,PARALLEL,8,RANDOM,200000,5,12691900,1761927609005
QUICK,SEQUENTIAL,1,SORTED,200000,1,2181700,1761927609024
QUICK,SEQUENTIAL,1,SORTED,200000,2,2170700,1761927609044
QUICK,SEQUENTIAL,1,SORTED,200000,3,2480500,1761927609064
QUICK,SEQUENTIAL,1,SORTED,200000,4,2167900,1761927609086
QUICK,SEQUENTIAL,1,SORTED,200000,5,2394200,1761927609109
QUICK,PARALLEL,2,SORTED,200000,1,4802300,1761927609135
QUICK,PARALLEL,2,SORTED,200000,2,7621600,1761927609164
QUICK,PARALLEL,2,SORTED,200000,3,9586400,1761927609193
QUICK,PARALLEL,2,SORTED,200000,4,7545500,1761927609236
QUICK,PARALLEL,2,SORTED,200000,5,8258200,1761927609264
QUICK,PARALLEL,4,SORTED,200000,1,8776100,1761927609292
QUICK,PARALLEL,4,SORTED,200000,2,12230000,1761927609332
QUICK,PARALLEL,4,SORTED,200000,3,8916000,1761927609365
QUICK,PARALLEL,4,SORTED,200000,4,7863700,1761927609399
QUICK,PARALLEL,4,SORTED,200000,5,8589600,1761927609432
QUICK,PARALLEL,8,SORTED,200000,1,7868200,1761927609465
QUICK,PARALLEL,8,SORTED,200000,2,7739500,1761927609505
QUICK,PARALLEL,8,SORTED,200000,3,10088300,1761927609543
QUICK,PARALLEL,8,SORTED,200000,4,7324800,1761927609574
QUICK,PARALLEL,8,SORTED,200000,5,9995100,1761927609606
QUICK,SEQUENTIAL,1,REVERSE,200000,1,7121700,1761927609638
QUICK,SEQUENTIAL,1,REVERSE,200000,2,7233800,1761927609663
QUICK,SEQUENTIAL,1,REVERSE,200000,3,7531300,1761927609687
QUICK,SEQUENTIAL,1,REVERSE,200000,4,14486600,1761927609727
QUICK,SEQUENTIAL,1,REVERSE,200000,5,14651700,1761927609766
QUICK,PARALLEL,2,REVERSE,200000,1,9134600,1761927609800
QUICK,PARALLEL,2,REVERSE,200000,2,8192600,1761927609826
QUICK,PARALLEL,2,REVERSE,200000,3,11594700,1761927609856
QUICK,PARALLEL,2,REVERSE,200000,4,7549400,1761927609887
QUICK,PARALLEL,2,REVERSE,200000,5,11038300,1761927609938
QUICK,PARALLEL,4,REVERSE,200000,1,6667900,1761927609966
QUICK,PARALLEL,4,REVERSE,200000,2,7681500,1761927609992
QUICK,PARALLEL,4,REVERSE,200000,3,7880400,1761927610028
QUICK,PARALLEL,4,REVERSE,200000,4,13099600,1761927610059
QUICK,PARALLEL,4,REVERSE,200000,5,11528300,1761927610093
QUICK,PARALLEL,8,REVERSE,200000,1,15158700,1761927610134
QUICK,PARALLEL,8,REVERSE,200000,2,9987800,1761927610164
QUICK,PARALLEL,8,REVERSE,200000,3,6823000,1761927610188
QUICK,PARALLEL,8,REVERSE,200000,4,11939400,1761927610220
QUICK,PARALLEL,8,REVERSE,200000,5,8513100,1761927610249
QUICK,SEQUENTIAL,1,NEARLY_SORTED,200000,1,12696500,1761927610296
QUICK,SEQUENTIAL,1,NEARLY_SORTED,200000,2,9025700,1761927610329
QUICK,SEQUENTIAL,1,NEARLY_SORTED,200000,3,8717700,1761927610362
QUICK,SEQUENTIAL,1,NEARLY_SORTED,200000,4,7243700,1761927610388
QUICK,SEQUENTIAL,1,NEARLY_SORTED,200000,5,7952600,1761927610413
QUICK,PARALLEL,2,NEARLY_SORTED,200000,1,17746900,1761927610448
QUICK,PARALLEL,2,NEARLY_SORTED,200000,2,12730300,1761927610483
QUICK,PARALLEL,2,NEARLY_SORTED,200000,3,11805800,1761927610520
QUICK,PARALLEL,2,NEARLY_SORTED,200000,4,14550200,1761927610554
QUICK,PARALLEL,2,NEARLY_SORTED,200000,5,19483400,1761927610591
QUICK,PARALLEL,4,NEARLY_SORTED,200000,1,8545800,1761927610619
QUICK,PARALLEL,4,NEARLY_SORTED,200000,2,11628500,1761927610647
QUICK,PARALLEL,4,NEARLY_SORTED,200000,3,11483400,1761927610676
QUICK,PARALLEL,4,NEARLY_SORTED,200000,4,13205600,1761927610708
QUICK,PARALLEL,4,NEARLY_SORTED,200000,5,10218300,1761927610738
QUICK,PARALLEL,8,NEARLY_SORTED,200000,1,21494100,1761927610779
QUICK,PARALLEL,8,NEARLY_SORTED,200000,2,13222600,1761927610813
QUICK,PARALLEL,8,NEARLY_SORTED,200000,3,11911500,1761927610844
QUICK,PARALLEL,8,NEARLY_SORTED,200000,4,10985300,1761927610875
QUICK,PARALLEL,8,NEARLY_SORTED,200000,5,10130400,1761927610903
MERGE,SEQUENTIAL,1,RANDOM,10000,1,2573500,1761927610906
MERGE,SEQUENTIAL,1,RANDOM,10000,2,2742500,1761927610909
MERGE,SEQUENTIAL,1,RANDOM,10000,3,2500400,1761927610912
MERGE,SEQUENTIAL,1,RANDOM,10000,4,2401300,1761927610914
MERGE,SEQUENTIAL,1,RANDOM,10000,5,2313300,1761927610917
MERGE,PARALLEL,2,RANDOM,10000,1,7894100,1761927610925
MERGE,PARALLEL,2,RANDOM,10000,2,5639600,1761927610931
MERGE,PARALLEL,2,RANDOM,10000,3,4918300,1761927610936
MERGE,PARALLEL,2,RANDOM,10000,4,3961000,1761927610941
MERGE,PARALLEL,2,RANDOM,10000,5,5976600,1761927610947
MERGE,PARALLEL,4,RANDOM,10000,1,2837100,1761927610951
MERGE,PARALLEL,4,RANDOM,10000,2,2286600,1761927610953
MERGE,PARALLEL,4,RANDOM,10000,3,4402800,1761927610958
MERGE,PARALLEL,4,RANDOM,10000,4,2215100,1761927610960
MERGE,PARALLEL,4,RANDOM,10000,5,3684100,1761927610965
MERGE,PARALLEL,8,RANDOM,10000,1,2516800,1761927610967
MERGE,PARALLEL,8,RANDOM,10000,2,2585600,1761927610970
MERGE,PARALLEL,8,RANDOM,10000,3,2557000,1761927610973
MERGE,PARALLEL,8,RANDOM,10000,4,2724300,1761927610976
MERGE,PARALLEL,8,RANDOM,10000,5,2878400,1761927610980
MERGE,SEQUENTIAL,1,SORTED,10000,1,698100,1761927610982
MERGE,SEQUENTIAL,1,SORTED,10000,2,307200,1761927610983
MERGE,SEQUENTIAL,1,SORTED,10000,3,729900,1761927610985
MERGE,SEQUENTIAL,1,SORTED,10000,4,305300,1761927610986
MERGE,SEQUENTIAL,1,SORTED,10000,5,314800,1761927610987
MERGE,PARALLEL,2,SORTED,10000,1,1407200,1761927610989
MERGE,PARALLEL,2,SORTED,10000,2,1495900,1761927610992
MERGE,PARALLEL,2,SORTED,10000,3,1400700,1761927610995
MERGE,PARALLEL,2,SORTED,10000,4,1221100,1761927610997
MERGE,PARALLEL,2,SORTED,10000,5,1246800,1761927610999
MERGE,PARALLEL,4,SORTED,10000,1,1417200,1761927611002
MERGE,PARALLEL,4,SORTED,10000,2,1372800,1761927611004
MERGE,PARALLEL,4,SORTED,10000,3,1634600,1761927611007
MERGE,PARALLEL,4,SORTED,10000,4,1411100,1761927611009
MERGE,PARALLEL,4,SORTED,10000,5,1255000,1761927611012
MERGE,PARALLEL,8,SORTED,10000,1,3265000,1761927611016
MERGE,PARALLEL,8,SORTED,10000,2,3838000,1761927611021
MERGE,PARALLEL,8,SORTED,10000,3,2387600,1761927611025
MERGE,PARALLEL,8,SORTED,10000,4,2024800,1761927611028
MERGE,PARALLEL,8,SORTED,10000,5,1950500,1761927611032
MERGE,SEQUENTIAL,1,REVERSE,10000,1,775200,1761927611034
MERGE,SEQUENTIAL,1,REVERSE,10000,2,756400,1761927611036
MERGE,SEQUENTIAL,1,REVERSE,10000,3,720600,1761927611038
MERGE,SEQUENTIAL,1,REVERSE,10000,4,706400,1761927611039
MERGE,SEQUENTIAL,1,REVERSE,10000,5,319500,1761927611041
MERGE,PARALLEL,2,REVERSE,10000,1,1294700,1761927611043
MERGE,PARALLEL,2,REVERSE,10000,2,1385200,1761927611045
MERGE,PARALLEL,2,REVERSE,10000,3,1690100,1761927611048
MERGE,PARALLEL,2,REVERSE,10000,4,1181200,1761927611051
MERGE,PARALLEL,2,REVERSE,10000,5,1360500,1761927611053
MERGE,PARALLEL,4,REVERSE,10000,1,1546000,1761927611056
MERGE,PARALLEL,4,REVERSE,10000,2,1397200,1761927611058
MERGE,PARALLEL,4,REVERSE,10000,3,1239600,1761927611061
MERGE,PARALLEL,4,REVERSE,10000,4,1152900,1761927611063
MERGE,PARALLEL,4,REVERSE,10000,5,1467000,1761927611066
MERGE,PARALLEL,8,REVERSE,10000,1,2543400,1761927611069
MERGE,PARALLEL,8,REVERSE,10000,2,2684200,1761927611073
MERGE,PARALLEL,8,REVERSE,10000,3,1806800,1761927611076
MERGE,PARALLEL,8,REVERSE,10000,4,1961700,1761927611079
MERGE,PARALLEL,8,REVERSE,10000,5,1812100,1761927611082
MERGE,SEQUENTIAL,1,NEARLY_SORTED,10000,1,895400,1761927611084
MERGE,SEQUENTIAL,1,NEARLY_SORTED,10000,2,829300,1761927611086
MERGE,SEQUENTIAL,1,NEARLY_SORTED,10000,3,800200,1761927611088
MERGE,SEQUENTIAL,1,NEARLY_SORTED,10000,4,824100,1761927611090
MERGE,SEQUENTIAL,1,NEARLY_SORTED,10000,5,360000,1761927611091
MERGE,PARALLEL,2,NEARLY_SORTED,10000,1,1338200,1761927611094
MERGE,PARALLEL,2,NEARLY_SORTED,10000,2,2455800,1761927611098
MERGE,PARALLEL,2,NEARLY_SORTED,10000,3,1366400,1761927611101
MERGE,PARALLEL,2,NEARLY_SORTED,10000,4,1566800,1761927611104
MERGE,PARALLEL,2,NEARLY_SORTED,10000,5,1718600,1761927611107
MERGE,PARALLEL,4,NEARLY_SORTED,10000,1,1522700,1761927611109
MERGE,PARALLEL,4,NEARLY_SORTED,10000,2,3842600,1761927611114
MERGE,PARALLEL,4,NEARLY_SORTED,10000,3,2662100,1761927611118
MERGE,PARALLEL,4,NEARLY_SORTED,10000,4,2515800,1761927611122
MERGE,PARALLEL,4,NEARLY_SORTED,10000,5,1616900,1761927611125
MERGE,PARALLEL,8,NEARLY_SORTED,10000,1,2692500,1761927611129
MERGE,PARALLEL,8,NEARLY_SORTED,10000,2,2302400,1761927611133
MERGE,PARALLEL,8,NEARLY_SORTED,10000,3,1792400,1761927611136
MERGE,PARALLEL,8,NEARLY_SORTED,10000,4,2317700,1761927611139
MERGE,PARALLEL,8,NEARLY_SORTED,10000,5,2405000,1761927611143
MERGE,SEQUENTIAL,1,RANDOM,50000,1,10679800,1761927611154
MERGE,SEQUENTIAL,1,RANDOM,50000,2,9325400,1761927611165
MERGE,SEQUENTIAL,1,RANDOM,50000,3,9201400,1761927611175
MERGE,SEQUENTIAL,1,RANDOM,50000,4,7829400,1761927611184
MERGE,SEQUENTIAL,1,RANDOM,50000,5,7850700,1761927611192
MERGE,PARALLEL,2,RANDOM,50000,1,7207900,1761927611200
MERGE,PARALLEL,2,RANDOM,50000,2,7943500,1761927611209
MERGE,PARALLEL,2,RANDOM,50000,3,7086900,1761927611217
MERGE,PARALLEL,2,RANDOM,50000,4,7189900,1761927611226
MERGE,PARALLEL,2,RANDOM,50000,5,7492900,1761927611235
MERGE,PARALLEL,4,RANDOM,50000,1,6717200,1761927611243
MERGE,PARALLEL,4,RANDOM,50000,2,6157800,1761927611250
MERGE,PARALLEL,4,RANDOM,50000,3,7111600,1761927611258
MERGE,PARALLEL,4,RANDOM,50000,4,5225100,1761927611264
MERGE,PARALLEL,4,RANDOM,50000,5,4926400,1761927611270
MERGE,PARALLEL,8,RANDOM,50000,1,7059500,1761927611278
MERGE,PARALLEL,8,RANDOM,50000,2,7465300,1761927611286
MERGE,PARALLEL,8,RANDOM,50000,3,5904800,1761927611293
MERGE,PARALLEL,8,RANDOM,50000,4,7257600,1761927611301
MERGE,PARALLEL,8,RANDOM,50000,5,9347900,1761927611312
MERGE,SEQUENTIAL,1,SORTED,50000,1,1685400,1761927611320
MERGE,SEQUENTIAL,1,SORTED,50000,2,1954800,1761927611326
MERGE,SEQUENTIAL,1,SORTED,50000,3,2415600,1761927611333
MERGE,SEQUENTIAL,1,SORTED,50000,4,4087700,1761927611342
MERGE,SEQUENTIAL,1,SORTED,50000,5,2166100,1761927611350
MERGE,PARALLEL,2,SORTED,50000,1,4094500,1761927611358
MERGE,PARALLEL,2,SORTED,50000,2,4588800,1761927611368
MERGE,PARALLEL,2,SORTED,50000,3,4428400,1761927611379
MERGE,PARALLEL,2,SORTED,50000,4,4033300,1761927611390
MERGE,PARALLEL,2,SORTED,50000,5,3624700,1761927611399
MERGE,PARALLEL,4,SORTED,50000,1,4640300,1761927611409
MERGE,PARALLEL,4,SORTED,50000,2,3187000,1761927611419
MERGE,PARALLEL,4,SORTED,50000,3,3601400,1761927611429
MERGE,PARALLEL,4,SORTED,50000,4,3374800,1761927611438
MERGE,PARALLEL,4,SORTED,50000,5,8164600,1761927611453
MERGE,PARALLEL,8,SORTED,50000,1,9037900,1761927611469
MERGE,PARALLEL,8,SORTED,50000,2,7720200,1761927611483
MERGE,PARALLEL,8,SORTED,50000,3,4439000,1761927611493
MERGE,PARALLEL,8,SORTED,50000,4,5000500,1761927611505
MERGE,PARALLEL,8,SORTED,50000,5,10113000,1761927611521
MERGE,SEQUENTIAL,1,REVERSE,50000,1,3985400,1761927611531
MERGE,SEQUENTIAL,1,REVERSE,50000,2,2049200,1761927611539
MERGE,SEQUENTIAL,1,REVERSE,50000,3,1919800,1761927611545
MERGE,SEQUENTIAL,1,REVERSE,50000,4,1897300,1761927611550
MERGE,SEQUENTIAL,1,REVERSE,50000,5,3136600,1761927611559
MERGE,PARALLEL,2,REVERSE,50000,1,2834300,1761927611567
MERGE,PARALLEL,2,REVERSE,50000,2,3677900,1761927611577
MERGE,PARALLEL,2,REVERSE,50000,3,3567900,1761927611585
MERGE,PARALLEL,2,REVERSE,50000,4,3888700,1761927611595
MERGE,PARALLEL,2,REVERSE,50000,5,3781400,1761927611605
MERGE,PARALLEL,4,REVERSE,50000,1,3471300,1761927611613
MERGE,PARALLEL,4,REVERSE,50000,2,4120600,1761927611623
MERGE,PARALLEL,4,REVERSE,50000,3,3502300,1761927611633
MERGE,PARALLEL,4,REVERSE,50000,4,3670600,1761927611643
MERGE,PARALLEL,4,REVERSE,50000,5,3834200,1761927611653
MERGE,PARALLEL,8,REVERSE,50000,1,4149900,1761927611663
MERGE,PARALLEL,8,REVERSE,50000,2,3949000,1761927611673
MERGE,PARALLEL,8,REVERSE,50000,3,3275400,1761927611682
MERGE,PARALLEL,8,REVERSE,50000,4,4332900,1761927611692
MERGE,PARALLEL,8,REVERSE,50000,5,4104000,1761927611703
MERGE,SEQUENTIAL,1,NEARLY_SORTED,50000,1,4517800,1761927611713
MERGE,SEQUENTIAL,1,NEARLY_SORTED,50000,2,1902000,1761927611720
MERGE,SEQUENTIAL,1,NEARLY_SORTED,50000,3,3799900,1761927611730
MERGE,SEQUENTIAL,1,NEARLY_SORTED,50000,4,1855900,1761927611736
MERGE,SEQUENTIAL,1,NEARLY_SORTED,50000,5,4290300,1761927611746
MERGE,PARALLEL,2,NEARLY_SORTED,50000,1,4782300,1761927611756
MERGE,PARALLEL,2,NEARLY_SORTED,50000,2,3878800,1761927611764
MERGE,PARALLEL,2,NEARLY_SORTED,50000,3,2263900,1761927611771
MERGE,PARALLEL,2,NEARLY_SORTED,50000,4,3129100,1761927611778
MERGE,PARALLEL,2,NEARLY_SORTED,50000,5,3652700,1761927611785
MERGE,PARALLEL,4,NEARLY_SORTED,50000,1,3303600,1761927611793
MERGE,PARALLEL,4,NEARLY_SORTED,50000,2,2628600,1761927611799
MERGE,PARALLEL,4,NEARLY_SORTED,50000,3,3457500,1761927611807
MERGE,PARALLEL,4,NEARLY_SORTED,50000,4,3109400,1761927611815
MERGE,PARALLEL,4,NEARLY_SORTED,50000,5,2212800,1761927611821
MERGE,PARALLEL,8,NEARLY_SORTED,50000,1,3097200,1761927611829
MERGE,PARALLEL,8,NEARLY_SORTED,50000,2,3702900,1761927611837
MERGE,PARALLEL,8,NEARLY_SORTED,50000,3,3263500,1761927611845
MERGE,PARALLEL,8,NEARLY_SORTED,50000,4,3094000,1761927611853
MERGE,PARALLEL,8,NEARLY_SORTED,50000,5,3666400,1761927611861
MERGE,SEQUENTIAL,1,RANDOM,100000,1,12374700,1761927611875
MERGE,SEQUENTIAL,1,RANDOM,100000,2,11840900,1761927611888
MERGE,SEQUENTIAL,1,RANDOM,100000,3,12060000,1761927611902
MERGE,SEQUENTIAL,1,RANDOM,100000,4,13778700,1761927611918
MERGE,SEQUENTIAL,1,RANDOM,100000,5,12734400,1761927611932
MERGE,PARALLEL,2,RANDOM,100000,1,10274600,1761927611945
MERGE,PARALLEL,2,RANDOM,100000,2,8672700,1761927611955
MERGE,PARALLEL,2,RANDOM,100000,3,9117400,1761927611965
MERGE,PARALLEL,2,RANDOM,100000,4,10279600,1761927611977
MERGE,PARALLEL,2,RANDOM,100000,5,8283000,1761927611987
MERGE,PARALLEL,4,RANDOM,100000,1,10244000,1761927611998
MERGE,PARALLEL,4,RANDOM,100000,2,9898700,1761927612010
MERGE,PARALLEL,4,RANDOM,100000,3,8022200,1761927612019
MERGE,PARALLEL,4,RANDOM,100000,4,11088500,1761927612031
MERGE,PARALLEL,4,RANDOM,100000,5,10317900,1761927612043
MERGE,PARALLEL,8,RANDOM,100000,1,10521900,1761927612055
MERGE,PARALLEL,8,RANDOM,100000,2,9337900,1761927612065
MERGE,PARALLEL,8,RANDOM,100000,3,10814600,1761927612078
MERGE,PARALLEL,8,RANDOM,100000,4,8785500,1761927612088
MERGE,PARALLEL,8,RANDOM,100000,5,10233200,1761927612100
MERGE,SEQUENTIAL,1,SORTED,100000,1,4642800,1761927612115
MERGE,SEQUENTIAL,1,SORTED,100000,2,3529700,1761927612128
MERGE,SEQUENTIAL,1,SORTED,100000,3,7843100,1761927612144
MERGE,SEQUENTIAL,1,SORTED,100000,4,7217700,1761927612160
MERGE,SEQUENTIAL,1,SORTED,100000,5,7962600,1761927612181
MERGE,PARALLEL,2,SORTED,100000,1,8291900,1761927612203
MERGE,PARALLEL,2,SORTED,100000,2,9291300,1761927612227
MERGE,PARALLEL,2,SORTED,100000,3,6947700,1761927612248
MERGE,PARALLEL,2,SORTED,100000,4,7392000,1761927612268
MERGE,PARALLEL,2,SORTED,100000,5,8774200,1761927612289
MERGE,PARALLEL,4,SORTED,100000,1,6286200,1761927612308
MERGE,PARALLEL,4,SORTED,100000,2,8299600,1761927612329
MERGE,PARALLEL,4,SORTED,100000,3,6270200,1761927612347
MERGE,PARALLEL,4,SORTED,100000,4,11329300,1761927612373
MERGE,PARALLEL,4,SORTED,100000,5,11366000,1761927612411
MERGE,PARALLEL,8,SORTED,100000,1,12588700,1761927612449
MERGE,PARALLEL,8,SORTED,100000,2,11576900,1761927612480
MERGE,PARALLEL,8,SORTED,100000,3,8714900,1761927612507
MERGE,PARALLEL,8,SORTED,100000,4,13263500,1761927612542
MERGE,PARALLEL,8,SORTED,100000,5,10889000,1761927612575
MERGE,SEQUENTIAL,1,REVERSE,100000,1,8142900,1761927612603
MERGE,SEQUENTIAL,1,REVERSE,100000,2,10237700,1761927612634
MERGE,SEQUENTIAL,1,REVERSE,100000,3,16828100,1761927612669
MERGE,SEQUENTIAL,1,REVERSE,100000,4,8293500,1761927612699
MERGE,SEQUENTIAL,1,REVERSE,100000,5,12170500,1761927612735
MERGE,PARALLEL,2,REVERSE,100000,1,13558200,1761927612773
MERGE,PARALLEL,2,REVERSE,100000,2,16079100,1761927612809
MERGE,PARALLEL,2,REVERSE,100000,3,13699400,1761927612845
MERGE,PARALLEL,2,REVERSE,100000,4,12572700,1761927612880
MERGE,PARALLEL,2,REVERSE,100000,5,9105600,1761927612904
MERGE,PARALLEL,4,REVERSE,100000,1,12929500,1761927612933
MERGE,PARALLEL,4,REVERSE,100000,2,10571300,1761927612961
MERGE,PARALLEL,4,REVERSE,100000,3,10885400,1761927612988
MERGE,PARALLEL,4,REVERSE,100000,4,12011500,1761927613024
MERGE,PARALLEL,4,REVERSE,100000,5,9496000,1761927613053
MERGE,PARALLEL,8,REVERSE,100000,1,13156200,1761927613082
MERGE,PARALLEL,8,REVERSE,100000,2,10731800,1761927613109
MERGE,PARALLEL,8,REVERSE,100000,3,7641800,1761927613136
MERGE,PARALLEL,8,REVERSE,100000,4,10311500,1761927613163
MERGE,PARALLEL,8,REVERSE,100000,5,12128900,1761927613192
MERGE,SEQUENTIAL,1,NEARLY_SORTED,100000,1,6296900,1761927613213
MERGE,SEQUENTIAL,1,NEARLY_SORTED,100000,2,7206100,1761927613237
MERGE,SEQUENTIAL,1,NEARLY_SORTED,100000,3,6619000,1761927613257
MERGE,SEQUENTIAL,1,NEARLY_SORTED,100000,4,6875800,1761927613278
MERGE,SEQUENTIAL,1,NEARLY_SORTED,100000,5,7027800,1761927613299
MERGE,PARALLEL,2,NEARLY_SORTED,100000,1,15418800,1761927613331
MERGE,PARALLEL,2,NEARLY_SORTED,100000,2,21590800,1761927613379
MERGE,PARALLEL,2,NEARLY_SORTED,100000,3,19330000,1761927613429
MERGE,PARALLEL,2,NEARLY_SORTED,100000,4,16515600,1761927613469
MERGE,PARALLEL,2,NEARLY_SORTED,100000,5,14707100,1761927613510
MERGE,PARALLEL,4,NEARLY_SORTED,100000,1,16451200,1761927613544
MERGE,PARALLEL,4,NEARLY_SORTED,100000,2,27210500,1761927613640
MERGE,PARALLEL,4,NEARLY_SORTED,100000,3,11537900,1761927613678
MERGE,PARALLEL,4,NEARLY_SORTED,100000,4,30041800,1761927613735
MERGE,PARALLEL,4,NEARLY_SORTED,100000,5,12863300,1761927613773
MERGE,PARALLEL,8,NEARLY_SORTED,100000,1,18252700,1761927613808
MERGE,PARALLEL,8,NEARLY_SORTED,100000,2,17492800,1761927613850
MERGE,PARALLEL,8,NEARLY_SORTED,100000,3,14952400,1761927613888
MERGE,PARALLEL,8,NEARLY_SORTED,100000,4,15975600,1761927613925
MERGE,PARALLEL,8,NEARLY_SORTED,100000,5,17720100,1761927613965
MERGE,SEQUENTIAL,1,RANDOM,200000,1,74354300,1761927614043
MERGE,SEQUENTIAL,1,RANDOM,200000,2,62686900,1761927614111
MERGE,SEQUENTIAL,1,RANDOM,200000,3,61637100,1761927614178
MERGE,SEQUENTIAL,1,RANDOM,200000,4,60173000,1761927614242
MERGE,SEQUENTIAL,1,RANDOM,200000,5,60232300,1761927614306
MERGE,PARALLEL,2,RANDOM,200000,1,51169700,1761927614363
MERGE,PARALLEL,2,RANDOM,200000,2,40569100,1761927614410
MERGE,PARALLEL,2,RANDOM,200000,3,45967900,1761927614461
MERGE,PARALLEL,2,RANDOM,200000,4,49195700,1761927614515
MERGE,PARALLEL,2,RANDOM,200000,5,41854300,1761927614562
MERGE,PARALLEL,4,RANDOM,200000,1,30601900,1761927614597
MERGE,PARALLEL,4,RANDOM,200000,2,26431100,1761927614628
MERGE,PARALLEL,4,RANDOM,200000,3,25967500,1761927614658
MERGE,PARALLEL,4,RANDOM,200000,4,30981700,1761927614693
MERGE,PARALLEL,4,RANDOM,200000,5,24374200,1761927614722
MERGE,PARALLEL,8,RANDOM,200000,1,26466900,1761927614753
MERGE,PARALLEL,8,RANDOM,200000,2,26087800,1761927614784
MERGE,PARALLEL,8,RANDOM,200000,3,27474000,1761927614816
MERGE,PARALLEL,8,RANDOM,200000,4,33088100,1761927614854
MERGE,PARALLEL,8,RANDOM,200000,5,31984700,1761927614891
MERGE,SEQUENTIAL,1,SORTED,200000,1,31691700,1761927614968
MERGE,SEQUENTIAL,1,SORTED,200000,2,26687200,1761927615032
MERGE,SEQUENTIAL,1,SORTED,200000,3,21083600,1761927615090
MERGE,SEQUENTIAL,1,SORTED,200000,4,30914500,1761927615164
MERGE,SEQUENTIAL,1,SORTED,200000,5,20257600,1761927615218
MERGE,PARALLEL,2,SORTED,200000,1,24952800,1761927615294
MERGE,PARALLEL,2,SORTED,200000,2,23732800,1761927615358
MERGE,PARALLEL,2,SORTED,200000,3,27855200,1761927615438
MERGE,PARALLEL,2,SORTED,200000,4,26160600,1761927615507
MERGE,PARALLEL,2,SORTED,200000,5,25505800,1761927615593
MERGE,PARALLEL,4,SORTED,200000,1,12507400,1761927615636
MERGE,PARALLEL,4,SORTED,200000,2,13106400,1761927615678
MERGE,PARALLEL,4,SORTED,200000,3,9798600,1761927615711
MERGE,PARALLEL,4,SORTED,200000,4,12877700,1761927615743
MERGE,PARALLEL,4,SORTED,200000,5,9213400,1761927615774
MERGE,PARALLEL,8,SORTED,200000,1,12006200,1761927615805
MERGE,PARALLEL,8,SORTED,200000,2,11919400,1761927615838
MERGE,PARALLEL,8,SORTED,200000,3,11360700,1761927615869
MERGE,PARALLEL,8,SORTED,200000,4,11767300,1761927615900
MERGE,PARALLEL,8,SORTED,200000,5,13801200,1761927615930
MERGE,SEQUENTIAL,1,REVERSE,200000,1,8973500,1761927615959
MERGE,SEQUENTIAL,1,REVERSE,200000,2,7775800,1761927615984
MERGE,SEQUENTIAL,1,REVERSE,200000,3,9228400,1761927616013
MERGE,SEQUENTIAL,1,REVERSE,200000,4,7879700,1761927616039
MERGE,SEQUENTIAL,1,REVERSE,200000,5,7424300,1761927616066
MERGE,PARALLEL,2,REVERSE,200000,1,10057100,1761927616094
MERGE,PARALLEL,2,REVERSE,200000,2,8355400,1761927616121
MERGE,PARALLEL,2,REVERSE,200000,3,8965300,1761927616148
MERGE,PARALLEL,2,REVERSE,200000,4,7791600,1761927616174
MERGE,PARALLEL,2,REVERSE,200000,5,12878300,1761927616206
MERGE,PARALLEL,4,REVERSE,200000,1,16798700,1761927616250
MERGE,PARALLEL,4,REVERSE,200000,2,10285800,1761927616283
MERGE,PARALLEL,4,REVERSE,200000,3,14763800,1761927616325
MERGE,PARALLEL,4,REVERSE,200000,4,8355900,1761927616354
MERGE,PARALLEL,4,REVERSE,200000,5,11657300,1761927616391
MERGE,PARALLEL,8,REVERSE,200000,1,15019600,1761927616427
MERGE,PARALLEL,8,REVERSE,200000,2,12734600,1761927616462
MERGE,PARALLEL,8,REVERSE,200000,3,12101400,1761927616496
MERGE,PARALLEL,8,REVERSE,200000,4,16981400,1761927616535
MERGE,PARALLEL,8,REVERSE,200000,5,15639000,1761927616572
MERGE,SEQUENTIAL,1,NEARLY_SORTED,200000,1,8953600,1761927616600
MERGE,SEQUENTIAL,1,NEARLY_SORTED,200000,2,10209800,1761927616629
MERGE,SEQUENTIAL,1,NEARLY_SORTED,200000,3,9351200,1761927616658
MERGE,SEQUENTIAL,1,NEARLY_SORTED,200000,4,7906800,1761927616684
MERGE,SEQUENTIAL,1,NEARLY_SORTED,200000,5,9073000,1761927616710
MERGE,PARALLEL,2,NEARLY_SORTED,200000,1,9458900,1761927616737
MERGE,PARALLEL,2,NEARLY_SORTED,200000,2,8202700,1761927616764
MERGE,PARALLEL,2,NEARLY_SORTED,200000,3,17441900,1761927616799
MERGE,PARALLEL,2,NEARLY_SORTED,200000,4,15314200,1761927616836
MERGE,PARALLEL,2,NEARLY_SORTED,200000,5,12673100,1761927616867
MERGE,PARALLEL,4,NEARLY_SORTED,200000,1,9422100,1761927616894
MERGE,PARALLEL,4,NEARLY_SORTED,200000,2,10473600,1761927616923
MERGE,PARALLEL,4,NEARLY_SORTED,200000,3,8150600,1761927616949
MERGE,PARALLEL,4,NEARLY_SORTED,200000,4,9940600,1761927616977
MERGE,PARALLEL,4,NEARLY_SORTED,200000,5,8755300,1761927617003
MERGE,PARALLEL,8,NEARLY_SORTED,200000,1,12184300,1761927617033
MERGE,PARALLEL,8,NEARLY_SORTED,200000,2,11471500,1761927617063
MERGE,PARALLEL,8,NEARLY_SORTED,200000,3,15778600,1761927617098
MERGE,PARALLEL,8,NEARLY_SORTED,200000,4,13575700,1761927617132
MERGE,PARALLEL,8,NEARLY_SORTED,200000,5,15841300,1761927617167
